Rank,Country,Population,GDP_Rank,GDP_USD_millions,GDP_USD_billions,Life_Expectancy,Life_Expectancy_Male,Life_Expectancy_Female,GDP_per_Capita,Log_Population,Log_GDP,Log_GDP_per_Capita,Population_Category,GDP_Category,Development_Level,Life_Expectancy_Gender_Gap,Wealth_Score
2,India,1417492000.0,5.0,4125213.0,4125.213,70.8,69.5,72.2,2910.219599122958,21.07215495051675,15.23262845519314,7.976327378592875,Very Large,Very High,Developing,2.700000000000003,0.002109352077880464
3,China,1404890000.0,2.0,19398577.0,19398.577,78.2,76.0,80.5,13807.897415456015,21.063224845564008,16.780710322377985,9.53306840364003,Very Large,Very High,Emerging,4.5,0.009931741265809991
4,United States,341784857.0,1.0,30615743.0,30615.743,78.9,76.3,81.6,89576.06626790958,19.64969202690378,17.237024944411743,11.402854609369115,Very Large,Very High,Developed,5.299999999999997,0.016334469648308262
5,Indonesia,284438782.0,17.0,1443256.0,1443.256,71.7,69.4,74.1,5074.047884229795,19.46602861438796,14.182412923075978,8.53209123918169,Very Large,Very High,Emerging,4.699999999999989,0.0007753414903862375
6,Pakistan,241499431.0,42.0,410495.0,410.495,67.3,66.1,68.6,1699.7762615846495,19.30237767908726,12.925121463612772,7.438840050284642,Very Large,Very High,Developing,2.5,0.00022080396676585524
7,Nigeria,223800000.0,52.0,285003.0,285.003,55.2,54.3,56.2,1273.4718498659518,19.226263358310373,12.560258494240015,7.150287136374089,Very Large,High,Developing,1.9000000000000057,0.0001532633169519882
8,Brazil,213421037.0,11.0,2256910.0,2256.91,76.0,72.7,79.4,10574.918160481058,19.178777476790007,14.629507622146678,9.266334823831672,Very Large,Very High,Emerging,6.700000000000003,0.0012398207002521325
9,Bangladesh,169828911.0,35.0,475011.0,475.011,73.2,71.9,74.5,2796.9972674440573,18.950302088254023,13.071095345855564,7.936659178614534,Very Large,Very High,Developing,2.5999999999999943,0.0002640497650354238
10,Russia,146028325.0,9.0,2540656.0,2540.656,72.8,67.8,77.7,17398.37802015465,18.79931117455302,14.747933266964946,9.764189738595595,Very Large,Very High,Emerging,9.900000000000006,0.0014494104943678968
11,Mexico,130760049.0,13.0,1862740.0,1862.74,75.4,72.9,78.0,14245.482578551191,18.688874522200145,14.437559616838069,9.564265318634732,Very Large,Very High,Emerging,5.099999999999994,0.001076301240815413
12,Japan,122950000.0,4.0,4279828.0,4279.828,84.8,81.5,87.6,34809.49979666531,18.627288334759864,15.269423613488799,10.457674338549735,Very Large,Very High,Developed,6.099999999999994,0.002497098958641548
13,Philippines,114123600.0,33.0,494158.0,494.158,71.2,68.5,74.1,4330.024639951772,18.552792638315772,13.110612606731664,8.373559430404578,Very Large,Very High,Developing,5.599999999999994,0.0002886037901114199
14,Democratic Republic of the Congo,112832000.0,86.0,82262.0,82.262,60.7,59.3,62.2,729.06622234827,18.541410553602415,11.317676710849534,6.593135245573606,Very Large,High,Developing,2.9000000000000057,4.554755688515103e-05
15,Ethiopia,111652998.0,72.0,109492.0,109.492,66.6,64.5,68.8,980.6454099871103,18.53090639661518,11.60361589925464,6.889230153519748,Very Large,High,Developing,4.299999999999997,6.174701000495912e-05
16,Egypt,107868296.0,45.0,349264.0,349.264,72.0,69.9,74.2,3237.8744538617725,18.49642156870497,12.763586225373727,8.082981157648815,Very Large,Very High,Developing,4.299999999999997,0.00020479757574499166
17,Vietnam,102300000.0,34.0,484726.0,484.726,75.4,71.0,80.0,4738.279569892473,18.443420240697026,13.091341124841547,8.46364041366339,Very Large,Very High,Emerging,9.0,0.0002878011553300848
18,Iran,86563000.0,44.0,356513.0,356.513,76.7,75.5,78.0,4118.537943463142,18.276383042054814,12.784128788752652,8.323496286409462,Very Large,Very High,Developing,2.5,0.00021700816830303
19,Turkey,85664944.0,16.0,1565471.0,1565.471,77.7,75.0,80.5,18274.348022687085,18.265954256713165,14.263697933929114,9.81330832808574,Very Large,Very High,Emerging,5.5,0.0009652172335036889
20,Germany,83497147.0,3.0,5013574.0,5013.574,81.3,78.7,83.8,60044.85398764583,18.240323033549142,15.42765979144328,11.00286378245423,Very Large,Very High,Developed,5.099999999999994,0.003112758687722701
21,United Kingdom,69487000.0,6.0,3958780.0,3958.78,81.3,79.3,83.1,56971.51985263431,18.056650257070388,15.191446707558983,10.950324322716812,Very Large,Very High,Developed,3.799999999999997,0.0025500104091198674
22,France,69081996.0,7.0,3361557.0,3361.557,82.7,79.8,85.3,48660.39192034926,18.050804719336778,15.027915114944369,10.79264122094996,Very Large,Very High,Developed,5.5,0.0021676015753094736
23,Tanzania,68153004.0,82.0,87444.0,87.444,66.2,64.5,68.0,1283.0542289816015,18.0372658090452,11.378765303283291,7.157777717767406,Very Large,High,Developing,3.5,5.3542957996611045e-05
24,Thailand,65826149.0,31.0,561093.0,561.093,77.7,73.7,81.7,8523.861847060201,18.002527733759933,13.237643728400835,9.050742096396968,Very Large,Very High,Emerging,8.0,0.0003631290413240295
25,South Africa,63100945.0,40.0,426383.0,426.383,64.1,61.2,67.2,6757.157123399657,17.960246319475132,12.963095627677593,8.818505516989111,Very Large,Very High,Emerging,6.0,0.000277920560959794
26,Italy,58956824.0,8.0,2543677.0,2543.677,83.6,81.3,85.6,43144.74266795647,17.892315954327547,14.749121623104152,10.672339028097227,Very Large,Very High,Developed,4.299999999999997,0.0017008437977659979
27,Kenya,53330978.0,64.0,136014.0,136.014,66.7,64.7,68.8,2550.3751309417203,17.792027939805628,11.820520452753888,7.844387759836226,Very Large,High,Developing,4.099999999999994,9.038338131016066e-05
28,Colombia,53057212.0,38.0,438121.0,438.121,77.5,74.0,81.2,8257.520202908514,17.786881379851465,12.990252689386635,9.0190006982751,Very Large,Very High,Emerging,7.200000000000003,0.0002984142572473717
29,Sudan,51662000.0,111.0,35897.0,35.897,65.3,63.6,67.1,694.8434052107932,17.760233078912023,10.488436862618087,6.545124642506579,Very Large,Medium,Developing,3.499999999999993,2.179023485658806e-05
30,Myanmar,51375327.0,92.0,60561.0,60.561,67.1,64.6,69.7,1178.7954167182236,17.754668615188518,11.01142291266509,7.07309632676589,Very Large,High,Developing,5.1000000000000085,3.8948785487304574e-05
31,South Korea,51117378.0,14.0,1858572.0,1858.572,83.6,80.6,86.6,36358.90714112919,17.74963509520113,14.435319546936476,10.50122199441382,Very Large,Very High,Developed,6.0,0.001288839302988514
32,Spain,49442844.0,12.0,1891371.0,1891.371,83.6,80.7,86.3,38253.68540693169,17.71632791395647,14.45281304960497,10.552021326051735,Very Large,Very High,Developed,5.599999999999994,0.001323802105739822
33,Algeria,47400000.0,51.0,288013.0,288.013,76.9,75.6,78.2,6076.223628691983,17.67413280776235,12.570764369047712,8.712303230650644,Very Large,High,Emerging,2.6000000000000085,0.000201401961443183
34,Argentina,46387098.0,25.0,683371.0,683.371,77.0,73.9,80.2,14731.919638516727,17.65253193974343,13.434794646211444,9.597839700169756,Very Large,Very High,Emerging,6.299999999999997,0.0004851664394910139
35,Iraq,46118793.0,54.0,265455.0,265.455,70.6,68.5,72.8,5755.896517066264,17.646731103847173,12.489204380883137,8.658153809365091,Very Large,High,Emerging,4.299999999999997,0.00018689565646924855
36,Uganda,45905417.0,90.0,64993.0,64.993,63.4,61.7,65.2,1415.8024095500537,17.64209370728038,11.082050236924848,7.256157787165973,Very Large,High,Developing,3.5,4.348848663608268e-05
37,Afghanistan,43844000.0,138.0,180802024.0,180802.024,64.8,63.3,66.4,4123757.5038773837,17.59614846012589,19.012913206080867,15.232275563693735,Very Large,Very High,Developed,3.1000000000000085,0.13137133573128262
38,Canada,41575585.0,10.0,2283599.0,2283.599,82.7,80.4,84.9,54926.44300735636,17.543023677952952,14.64126370307224,10.91376837523236,Very Large,Very High,Developed,4.5,0.0016838027826650975
39,Uzbekistan,38236704.0,63.0,137480.0,137.48,71.7,68.8,74.7,3595.4981893836875,17.459306476116954,11.831241004722594,8.187715925868854,Very Large,High,Developing,5.900000000000006,0.00010126853634069907
40,Poland,37363000.0,20.0,1039619.0,1039.619,77.6,73.7,81.4,27824.82670021144,17.436191494651375,13.854365819732948,10.233719886401815,Very Large,Very High,Developed,7.700000000000003,0.0007922410189586844
41,Morocco,36828330.0,60.0,179612.0,179.612,76.9,75.5,78.3,4877.006369824535,17.421777971076214,12.098559815304204,8.492491884602101,Very Large,High,Emerging,2.799999999999997,0.0001349939769316463
42,Angola,36604681.0,70.0,115167.0,115.167,61.6,59.2,64.1,3146.236952590845,17.41568671368735,11.654147210878758,8.0542801889839,Very Large,High,Developing,4.8999999999999915,8.563451489429497e-05
43,Saudi Arabia,35300280.0,19.0,1268535.0,1268.535,75.1,73.8,76.8,35935.550652856014,17.379401482211787,14.05337403759512,10.489510180574602,Very Large,Very High,Developed,3.0,0.000986623699650315
44,Peru,34350244.0,48.0,318480.0,318.48,76.7,73.7,79.9,9271.549861479878,17.352119709067168,12.671318097583864,9.134813686699504,Very Large,High,Emerging,6.200000000000003,0.00024781032438050027
45,Malaysia,34281100.0,36.0,470572.0,470.572,76.2,74.1,78.4,13726.864073789931,17.350104769031063,13.061706380063812,9.527182920293958,Very Large,Very High,Emerging,4.300000000000011,0.00036789774674568596
46,Mozambique,34090466.0,126.0,24726.0,24.726,60.2,58.0,62.5,725.3054270364037,17.34452834305223,10.115651043007174,6.587970624753287,Very Large,Medium,Developing,4.5,1.6441954026461242e-05
47,Ghana,33742380.0,71.0,111963.0,111.963,64.1,62.4,65.9,3318.1713915853,17.334265201649718,11.625932670036567,8.10747044991225,Very Large,High,Developing,3.500000000000007,8.568462864833304e-05
48,Yemen,32684503.0,,,,66.3,64.7,68.0,,17.302411639757022,,,Very Large,,,3.299999999999997,
49,Madagascar,31727042.0,135.0,19377.0,19.377,67.0,65.3,68.8,610.7408311181357,17.272679966654437,9.87189368094495,6.416308714254818,Very Large,Medium,Developing,3.5,1.2627440687928477e-05
50,Ivory Coast,31719275.0,78.0,99207.0,99.207,,,,3127.656606274891,17.272435129754165,11.504973935182608,8.04835899212863,Very Large,High,Developing,,7.739064259356929e-05
51,Nepal,29911840.0,104.0,45513.0,45.513,71.0,70.0,72.1,1521.5713911280616,17.213764980032554,10.725775249919163,7.328155889209223,Very Large,Medium,Developing,2.0999999999999943,3.46731896849447e-05
52,Cameroon,29442327.0,91.0,60577.0,60.577,59.3,58.0,60.7,2057.480035460512,17.19794392478556,11.011687069840143,7.629723142576827,Very Large,High,Developing,2.700000000000003,4.748581824138094e-05
53,Ukraine,28700000.0,59.0,209713.0,209.713,71.8,67.0,76.7,7307.073170731707,17.172407715573055,12.253499976702537,8.896734929863168,Very Large,High,Emerging,9.700000000000003,0.0001737894366462873
54,Venezuela,28517000.0,85.0,82767.0,82.767,72.1,68.9,75.6,2902.374022512887,17.16601099370357,11.323796792243296,7.9736287957230205,Very Large,High,Developing,6.699999999999989,6.689790383774626e-05
55,Australia,27614400.0,15.0,1829508.0,1829.508,83.3,81.2,85.4,66251.9555014775,17.133847969972265,14.419558182806178,11.101235354196469,Very Large,Very High,Developed,4.200000000000003,0.0015643119686459253
56,Niger,27522750.0,129.0,22969.0,22.969,62.4,61.2,63.6,834.5459665186073,17.130523529696173,10.041944295683145,6.728085363300785,Very Large,Medium,Developing,2.3999999999999986,1.6614602148831516e-05
57,North Korea,25950000.0,,,,72.3,68.6,76.2,,17.071682206111817,,,Very Large,,,7.6000000000000085,
58,Syria,25620427.0,,,,72.7,69.9,75.6,,17.058900559991997,,,Very Large,,,5.699999999999989,
59,Burkina Faso,24070553.0,121.0,26866.0,26.866,61.6,60.2,63.1,1116.1355536783888,16.99649982569713,10.198654046697536,7.0185231468346325,Very Large,Medium,Developing,2.8999999999999986,2.131674431135355e-05
60,Taiwan,23299132.0,22.0,884387.0,884.387,80.7,77.7,83.8,37957.93766051027,16.96392670754318,13.692651159352344,10.544260266571198,Very Large,Very High,Developed,6.099999999999994,0.0008121696595966307
61,Mali,22395489.0,123.0,25591.0,25.591,59.3,57.9,60.7,1142.6854756330617,16.92437015726808,10.150035081629355,7.042011200251309,Very Large,Medium,Developing,2.8000000000000043,2.0930278672032767e-05
62,Sri Lanka,21781800.0,79.0,989642024.0,989642.024,77.0,73.8,80.4,45434354.5528836,16.896585362592194,20.71285384479406,17.63177910707534,Large,Very High,Developed,6.6000000000000085,0.9410053341751798
63,Malawi,20734262.0,147.0,14975.0,14.975,64.3,61.5,67.2,722.2345314243641,16.847298107264347,9.614204198717374,6.583733556035911,Large,Medium,Developing,5.700000000000003,1.1485617232983961e-05
64,Kazakhstan,20478879.0,50.0,300052.0,300.052,73.4,68.8,77.9,14651.778547058166,16.834904669140165,12.611714404701287,9.592385258376899,Large,High,Emerging,9.100000000000009,0.00029072305651221624
65,Chile,20206953.0,46.0,347174.0,347.174,80.2,77.6,82.9,17180.91787514921,16.821537360554185,12.75758425456758,9.751612823483937,Large,High,Emerging,5.300000000000011,0.0003390797380348528
66,Zambia,19693423.0,116.0,29369.0,29.369,63.9,61.6,66.3,1491.3100683410903,16.795795330875624,10.287729024192666,7.308080579775944,Large,Medium,Developing,4.699999999999996,2.6222973116018884e-05
67,Somalia,19655000.0,154.0,12944.0,12.944,57.5,55.8,59.3,658.5601628084457,16.793842367715737,9.468464892185638,6.491573192876763,Large,Low,Developing,3.5,9.841433532316047e-06
68,Chad,19340757.0,130.0,21592.0,21.592,54.2,52.8,55.7,1116.3989082743763,16.777725240602976,9.980124467074832,7.01875886000146,Large,Medium,Developing,2.9000000000000057,1.8654700544193152e-05
69,Romania,19036031.0,41.0,422508.0,422.508,75.6,72.0,79.3,22195.172932845086,16.76184416224715,12.953966027327635,10.007675162587052,Large,Very High,Developed,7.299999999999997,0.00042581182593816086
70,Senegal,18593258.0,109.0,36839.0,36.839,68.1,66.1,70.2,1981.3095693073265,16.738309653638826,10.514339490369244,7.592017893060453,Large,Medium,Developing,4.1000000000000085,3.475324364638651e-05
71,Netherlands,18131238.0,18.0,1320635.0,1320.635,82.3,80.6,84.0,72837.552515719,16.713146920164316,14.093623996707263,11.196000661536994,Large,Very High,Developed,3.4000000000000057,0.0013711354960243304
72,Ecuador,18103660.0,65.0,130529.0,130.529,77.0,74.2,80.0,7210.089009625678,16.71162474097658,11.779358364382835,8.883375260430327,Large,High,Emerging,5.799999999999997,0.00013284167272077272
73,Guatemala,18079810.0,69.0,120850.0,120.85,74.3,71.4,77.4,6684.2516597243,16.710306459333843,11.702313660818122,8.807659134261174,Large,High,Emerging,6.0,0.00012284748205203843
74,Cambodia,17577760.0,98.0,48802.0,48.802,69.8,67.3,72.5,2776.3492049043793,16.682145081473163,10.79554706536154,7.92925222837635,Large,Medium,Developing,5.200000000000003,4.851439799296796e-05
75,Zimbabwe,17073087.0,96.0,53310.0,53.31,61.5,59.8,63.3,3122.4581705698565,16.653013980577345,10.88389796784759,8.046696054998222,Large,Medium,Developing,3.5,5.4151494765028444e-05
76,South Sudan,15786898.0,174.0,4979.0,4.979,57.8,56.5,59.2,315.3881148785531,16.57469097682443,8.513185170018698,5.756969671593004,Large,Low,Developing,2.700000000000003,2.486252689894519e-06
77,Guinea,14363931.0,120.0,27515.0,27.515,61.6,60.2,63.1,1915.5619725547276,16.48023090025954,10.222522932645905,7.55828822061647,Large,Medium,Developing,2.8999999999999986,2.9404270269814306e-05
78,Rwanda,14104969.0,148.0,14771.0,14.771,69.0,66.9,71.2,1047.2196004117413,16.46203777551062,9.600488775972455,6.954848385307666,Large,Low,Developing,4.299999999999997,1.4537016033264028e-05
79,Benin,13224860.0,127.0,24402.0,24.402,61.8,60.3,63.4,1845.1613098361722,16.397609025256425,10.102461354543133,7.5208637946883,Large,Medium,Developing,3.1000000000000014,2.71481354729808e-05
80,Burundi,12332788.0,170.0,7025.0,7.025,61.7,60.1,63.4,569.6197810259935,16.32777204583127,8.857372832825773,6.3467231052412405,Large,Low,Developing,3.299999999999997,5.987658597065912e-06
81,Tunisia,11972169.0,93.0,59069.0,59.069,76.7,74.9,78.6,4933.8595203592595,16.298095347653444,10.986478460301282,8.504079485476453,Large,High,Emerging,3.6999999999999886,7.46434934402435e-05
82,Belgium,11924322.0,23.0,716980.0,716.98,81.7,79.3,84.0,60127.527586054784,16.294090821638648,13.482804619927995,11.004239676556928,Large,Very High,Developed,4.700000000000003,0.0009427791245858561
83,Haiti,11867032.0,114.0,30908.0,30.908,64.0,61.9,66.2,2604.526557272282,16.289274777464172,10.338802682613178,7.865390067071179,Large,Medium,Developing,4.300000000000004,3.780595880461805e-05
84,Jordan,11734000.0,95.0,56157.0,56.157,74.5,73.0,76.2,4785.836032043634,16.27800125369037,10.935924425529938,8.473624936047072,Large,High,Emerging,3.200000000000003,7.173546484983185e-05
85,Bolivia,11365333.0,94.0,57086.0,57.086,71.5,69.3,73.8,5022.818073170403,16.24607840331033,10.952331698970116,8.521945495941903,Large,High,Emerging,4.5,7.450509182515522e-05
86,United Arab Emirates,11294243.0,29.0,569097.0,569.097,78.7,77.5,80.5,50388.23761805019,16.23980377337326,13.251807930264183,10.827532891932291,Large,Very High,Developed,3.0,0.0007735293376027
87,Czech Republic,10897178.0,43.0,383384.0,383.384,79.4,76.5,82.3,35181.95261195146,16.204014506363524,12.85679498519766,10.468316943477847,Large,Very High,Developed,5.799999999999997,0.0005321012105520641
88,Dominican Republic,10771504.0,66.0,129748.0,129.748,74.1,71.6,76.7,12045.485941424708,16.192414779388415,11.77335709386934,9.39652827327023,Large,High,Emerging,5.1000000000000085,0.00017938184812130685
89,Portugal,10749635.0,47.0,337936.0,337.936,81.3,78.3,84.1,31436.974371687968,16.190382451499552,12.730614766559738,10.35577181608612,Large,High,Developed,5.799999999999997,0.0004727887535119715
90,Sweden,10608003.0,26.0,662318.0,662.318,83.0,81.2,84.7,62435.69124179169,16.177119368481616,13.403502591967364,11.0419083822226,Large,Very High,Developed,3.5,0.0009375662481971813
91,Tajikistan,10499000.0,141.0,17032.0,17.032,71.1,68.9,73.4,1622.2497380702923,16.16679066774424,9.742907917860578,7.392185430027297,Large,Medium,Developing,4.5,2.1260876268093954e-05
92,Greece,10372335.0,53.0,282019.0,282.019,82.0,79.5,84.4,27189.53832478415,16.15465282002536,12.54973326939122,10.210624336061793,Large,High,Developed,4.900000000000006,0.0004033099050077928
93,Azerbaijan,10259701.0,88.0,76390.0,76.39,73.0,70.5,75.7,7445.636086275808,16.14373435245078,11.243620167168404,8.9155176773588,Large,High,Emerging,5.200000000000003,0.00010777518809997962
94,Papua New Guinea,10185363.0,113.0,32714.0,32.714,64.5,63.2,65.9,3211.8639266955925,16.13646234583604,10.395588967303839,8.074918007361767,Large,Medium,Developing,2.700000000000003,4.461352794941833e-05
95,Israel,10178000.0,27.0,610752.0,610.752,83.0,81.2,84.8,60007.07408135194,16.13573918438204,13.322447901101373,11.002234400173306,Large,Very High,Developed,3.5999999999999943,0.0008879400282828453
96,Honduras,9892632.0,106.0,39445.0,39.445,75.3,72.5,78.2,3987.3109603187504,16.107300896680023,10.582687926963448,8.291123102043608,Large,Medium,Developing,5.700000000000003,5.554112655472959e-05
97,Cuba,9748007.0,,,,79.0,76.9,81.2,,16.092573514408063,,,Large,,,4.299999999999997,
98,Hungary,9489000.0,57.0,247759.0,247.759,76.0,72.9,79.1,26110.12751607124,16.065643896341072,12.420215814647085,10.170116844064948,Large,High,Developed,6.199999999999989,0.0003755233177434559
99,Austria,9216459.0,30.0,566456.0,566.456,81.7,79.2,84.0,61461.34865895894,16.036501573866634,13.247156451891446,11.026180049385806,Large,Very High,Developed,4.799999999999997,0.0008796761282840759
100,Belarus,9109280.0,83.0,85739.0,85.739,,,,9412.269685419704,16.024804341862403,11.359074740151968,9.149875641452297,Large,High,Emerging,,0.00013158773530326336
101,Switzerland,9104063.0,21.0,1002666.0,1002.666,83.8,81.8,85.7,110133.90395035711,16.02423146520052,13.81817400783051,11.60946129290962,Large,Very High,Developed,3.9000000000000057,0.0015725038915018288
102,Sierra Leone,9077691.0,164.0,8639.0,8.639,54.7,53.4,56.1,951.6737240780723,16.02133053324496,9.064157861798101,6.859272477853821,Large,Low,Developing,2.700000000000003,1.051151021295094e-05
103,Togo,8095498.0,158.0,10951.0,10.951,61.0,59.5,62.6,1352.7271577363122,15.906818786183521,9.301277366968284,7.210616924847867,Large,Low,Developing,3.1000000000000014,1.5572433104163098e-05
104,Laos,7647000.0,142.0,16934.0,16.934,68.1,66.5,69.8,2214.4631881783707,15.84982410279659,9.737137765251871,7.703216774919635,Large,Medium,Developing,3.299999999999997,2.6959681089240854e-05
105,Hong Kong,7527500.0,39.0,428233.0,428.233,85.5,82.9,88.2,56889.13982065759,15.834073672184248,12.967425054134065,10.948877315478667,Large,Very High,Developed,5.299999999999997,0.0007654611482297231
106,Libya,7459000.0,99.0,47941.0,47.941,72.9,70.4,75.5,6427.269070921035,15.82493204900352,10.777747225933355,8.768460585178754,Large,Medium,Emerging,5.099999999999994,8.351703244980358e-05
107,Kyrgyzstan,7281800.0,133.0,20160.0,20.16,71.8,67.9,75.8,2768.5462385673873,15.800888779686872,9.911505324129712,7.926438772971046,Large,Medium,Developing,7.8999999999999915,3.396776855857228e-05
108,Turkmenistan,7057841.0,89.0,72119.0,72.119,68.2,64.9,71.6,10218.280632845086,15.769649897021756,11.186086677317254,9.232031473104703,Large,High,Emerging,6.699999999999989,0.00013253000110631557
109,Nicaragua,6874748.0,132.0,20689.0,20.689,74.5,71.8,77.4,3009.419399809273,15.743365691759527,9.93740577073959,8.009834683521442,Large,Medium,Developing,5.6000000000000085,3.657307138783222e-05
110,Serbia,6567783.0,77.0,100048.0,100.048,76.0,73.5,78.6,15233.146405720165,15.697687042850113,11.51341534495943,9.63129466134475,Large,High,Emerging,5.099999999999994,0.0001953174359826567
111,Central African Republic,6470307.0,184.0,3300.0,3.3,53.9,52.3,55.6,510.02216741802204,15.6827342696717,8.101980731853192,6.236412969728596,Large,Low,Developing,3.3000000000000043,3.527180824306036e-06
112,Bulgaria,6437360.0,67.0,127924.0,127.924,75.1,71.7,78.6,19872.121490797468,15.677629231488003,11.759199433673292,9.897123418869306,Large,High,Emerging,6.8999999999999915,0.0002544295119185357
113,Republic of the Congo,6142180.0,145.0,15695.0,15.695,64.7,63.2,66.3,2555.2816752358285,15.63069044877696,9.661161181805145,7.8463090110046405,Large,Medium,Developing,3.0999999999999943,2.9641850518125454e-05
114,Singapore,6110200.0,28.0,574185.0,574.185,83.8,81.5,86.1,93971.55575922229,15.625470227497031,13.26070866462334,11.450758058615246,Large,Very High,Developed,4.599999999999994,0.0011991412816021656
115,Paraguay,6109644.0,101.0,47398.0,47.398,74.3,72.0,76.7,7757.898823564843,15.625379227986826,10.76635641041421,8.956595698928126,Large,Medium,Emerging,4.700000000000003,9.615844361352005e-05
116,El Salvador,6029976.0,110.0,36587.0,36.587,73.3,69.4,77.4,6067.520003396365,15.61225375443407,10.507475596776255,8.710870032807996,Large,Medium,Emerging,8.0,7.428871143519806e-05
117,Denmark,6027601.0,37.0,459612.0,459.612,81.4,79.5,83.3,76251.23162598188,15.611859811333103,13.038140110022333,11.241801961267374,Large,Very High,Developed,3.799999999999997,0.0009692529344805989
118,Finland,5656900.0,49.0,314724.0,314.724,81.9,79.2,84.5,55635.41869221658,15.548386773730227,12.65945452063446,10.926593278261587,Large,High,Developed,5.299999999999997,0.0006959433908059044
119,Norway,5618354.0,32.0,517102.0,517.102,83.2,81.3,85.0,92037.98835032467,15.54154947439718,13.15599735995325,11.429967552675649,Large,Very High,Developed,3.700000000000003,0.0011515328885910398
120,Lebanon,5490000.0,117.0,282802024.0,282802.024,78.9,76.8,81.1,51512208.37887067,15.518438995635059,19.460257652498537,17.75732941285393,Large,Very High,Developed,4.299999999999997,0.6428809487248441
121,Palestine,5483450.0,150.0,137112024.0,137112.024,74.1,72.5,75.8,25004700.32552499,15.51724520524387,18.73630885038722,17.034574418173722,Medium,Very High,Developed,3.299999999999997,0.3119784909801354
122,Ireland,5458600.0,24.0,708771.0,708.771,82.6,80.7,84.5,129844.83200820723,15.512703087783088,13.471289174106724,11.774103118063653,Medium,Very High,Developed,3.799999999999997,0.0016153424242100016
123,Slovakia,5413191.0,62.0,154587.0,154.587,77.5,74.3,80.7,28557.462686980747,15.504349495314482,11.948518792459248,10.259708587518102,Medium,High,Developed,6.400000000000006,0.00035220477774141815
124,Oman,5357728.0,73.0,105190.0,105.19,77.9,76.5,79.8,19633.32218432888,15.494050749233457,11.563533024295225,9.885034445628317,Medium,High,Emerging,3.299999999999997,0.00024062563523850018
125,New Zealand,5334200.0,55.0,262909.0,262.909,82.4,80.6,84.2,49287.428292902405,15.48964966580377,12.479567047271106,10.805444612254576,Medium,High,Developed,3.6000000000000085,0.0006081479858802799
126,Liberia,5248621.0,173.0,5182.0,5.182,64.1,62.7,65.6,987.3069516735919,15.473476123924426,8.553139318189707,6.895993329328453,Medium,Low,Developing,2.8999999999999915,9.110792754080974e-06
127,Costa Rica,5191824.0,75.0,102637.0,102.637,80.3,77.9,82.8,19768.96751507755,15.462595831096934,11.538963513519,9.891919273021054,Medium,High,Emerging,4.8999999999999915,0.00024065241572482747
128,Mauritania,4927532.0,157.0,11953.0,11.953,64.9,63.2,66.7,2425.757965650959,15.410349015094654,9.388821229384199,7.7943114750227,Medium,Low,Developing,3.5,2.6494046386966528e-05
129,Kuwait,4881254.0,61.0,157469.0,157.469,75.5,74.3,77.1,32259.947955996555,15.400912916897394,11.966990242914456,10.381612736120275,Medium,High,Developed,2.799999999999997,0.00038959901954627104
130,Panama,4064780.0,81.0,90408.0,90.408,78.5,75.8,81.3,22241.794143840503,15.217870424974018,11.41209909894687,10.009773376437034,Medium,High,Developed,5.5,0.00025847640122601297
131,Croatia,3866233.0,74.0,103901.0,103.901,78.5,75.4,81.6,26873.962329740603,15.167791464595872,11.551203426180205,10.198950363744911,Medium,High,Developed,6.199999999999989,0.0003102556365750636
132,Georgia,3704500.0,108.0,37403.0,37.403,73.8,69.5,78.2,10096.639222567148,15.125059124780774,10.529532929555337,9.220056935167934,Medium,Medium,Emerging,8.700000000000003,0.00011380961263828325
133,Eritrea,3607000.0,,,,66.5,64.2,68.9,,15.09838723712434,,,Medium,,,4.700000000000003,
134,Mongolia,3544835.0,124.0,25105.0,25.105,69.9,66.0,74.0,7082.134993589264,15.081002454536904,10.130862140378154,8.865471884387375,Medium,Medium,Emerging,8.0,7.833598024328041e-05
135,Uruguay,3485931.0,84.0,84986.0,84.986,77.9,74.5,81.4,24379.713769434908,15.064245998274027,11.350253582599288,10.10154767944981,Medium,High,Developed,6.900000000000006,0.0002764887356800672
136,Bosnia and Herzegovina,3412000.0,112.0,33237.0,33.237,77.5,75.0,80.0,9741.207502930833,15.0428094806769,10.411449078687468,9.184223013968312,Medium,Medium,Emerging,5.0,0.00010825481435129955
137,Qatar,3214609.0,58.0,222119.0,222.119,80.2,79.5,81.5,69096.73929239917,14.983216601919283,12.310973055355543,11.143277292757457,Medium,High,Developed,2.0,0.0007798185271322628
138,Puerto Rico,3203295.0,68.0,126546.0,126.546,80.0,76.7,83.5,39504.947249628894,14.979690837683917,11.748369059647237,10.584206502837445,Medium,High,Developed,6.799999999999997,0.00044429925161157695
139,Armenia,3076200.0,118.0,27859.0,27.859,75.1,71.6,78.7,9056.303231259346,14.939205952076186,10.234947247333796,9.111326698134617,Medium,Medium,Emerging,7.1000000000000085,9.88896492826972e-05
140,Namibia,3022401.0,149.0,14686.0,14.686,63.7,61.2,66.3,4859.0508010022495,14.921562437454945,9.594718027753862,8.48880416972103,Medium,Low,Emerging,5.099999999999994,5.149359674873581e-05
141,Lithuania,2897009.0,80.0,95274.0,95.274,75.9,70.9,80.9,32887.02244280221,14.879189728592268,11.46452272574206,10.400863810978425,Medium,High,Developed,10.0,0.00036426273544953587
142,Jamaica,2774538.0,128.0,23137.0,23.137,74.5,72.8,76.3,8339.045996126202,14.835995165236072,10.049231566588833,9.02882401046063,Medium,Medium,Emerging,3.5,8.954188328737964e-05
143,Gabon,2469296.0,131.0,21455.0,21.455,66.5,64.8,68.3,8688.711276412387,14.7194440527089,9.97375960552146,9.06989499289878,Medium,Medium,Emerging,3.5,9.208610576448041e-05
144,Gambia,2422712.0,189.0,2497.0,2.497,62.1,60.5,63.8,1030.6631576514253,14.700398544578416,7.823245690685523,6.938927495137622,Medium,Low,Developing,3.299999999999997,8.175078404575074e-06
145,Moldova,2381300.0,134.0,19620.0,19.62,71.9,68.0,75.9,8239.197077226725,14.683157534950634,9.884355700220102,9.016779539756673,Medium,Medium,Emerging,7.900000000000006,8.679579487810135e-05
146,Albania,2363314.0,115.0,29939.0,29.939,78.6,76.8,80.5,12668.227751369475,14.675575852405316,10.30695065797362,9.446931320500179,Medium,Medium,Emerging,3.700000000000003,0.00013499966646635656
147,Botswana,2359609.0,136.0,19186.0,19.186,69.6,66.8,72.5,8131.008145841111,14.674006909108519,9.861988245358098,9.003563176449791,Medium,Medium,Emerging,5.700000000000003,8.552638819448028e-05
148,Slovenia,2130986.0,87.0,79221.0,79.221,81.3,78.5,84.1,37175.74869098155,14.57209581063981,11.280009317007192,10.523438809656644,Medium,High,Developed,5.599999999999994,0.0003977807320884811
149,Lesotho,2116427.0,191.0,2390.0,2.39,55.0,53.1,57.0,1129.2617227052954,14.565240319937828,7.779466967458324,7.030204497901769,Medium,Low,Developing,3.8999999999999986,9.078065059053964e-06
150,Guinea-Bissau,1852784.0,190.0,2474.0,2.474,58.9,57.2,60.7,1335.2878694980095,14.43220047047312,7.813995675002791,7.197650802067155,Medium,Low,Developing,3.5,1.1120296686440764e-05
151,Latvia,1824800.0,100.0,47880.0,47.88,75.3,70.6,79.9,26238.491889522138,14.416981497957426,10.776474045001011,10.17502087890416,Medium,Medium,Developed,9.300000000000011,0.0002757837747024206
152,North Macedonia,1822612.0,137.0,18783.0,18.783,76.0,73.9,78.2,10305.53952239972,14.415781743686344,9.840760722627824,9.240533877838114,Medium,Medium,Emerging,4.299999999999997,0.00010642986002045308
153,Equatorial Guinea,1668768.0,152.0,13467.0,13.467,58.7,57.2,60.3,8070.025312086521,14.32759678683367,9.508071780280964,8.996035805496696,Medium,Low,Emerging,3.0999999999999943,8.204502974099411e-05
154,Bahrain,1594654.0,102.0,47391.0,47.391,77.7,76.4,79.5,29718.672514539205,14.28216796986422,10.766208717067526,10.299564479744713,Medium,Medium,Developed,3.0999999999999943,0.00030931707610290786
155,Kosovo,1585566.0,155.0,12672.0,12.672,,,,7992.09872058306,14.276452630030484,9.447229025082065,8.98633378842965,Medium,Low,Emerging,,8.088697515475287e-05
156,East Timor,1391221.0,196.0,2125.0,2.125,69.5,67.9,71.2,1527.43525291812,14.145693055583202,7.661997558901893,7.331999780550217,Medium,Low,Developing,3.299999999999997,1.280904816264213e-05
157,Trinidad and Tobago,1367764.0,122.0,26002.0,26.002,73.9,71.2,76.7,19010.589546149775,14.128688578782405,10.165967194962711,9.85280404830191,Medium,Medium,Emerging,5.5,0.00019457267471959723
158,Estonia,1362954.0,103.0,46763.0,46.763,78.8,74.4,83.1,34310.035408385025,14.125165694726459,10.75286895512671,10.443222313432269,Medium,Medium,Developed,8.699999999999989,0.00035356583669401867
159,Mauritius,1243741.0,144.0,15730.0,15.73,74.9,71.6,78.4,12647.327699255713,14.03363513527345,9.663388566822505,9.445280287729487,Medium,Medium,Emerging,6.800000000000011,0.00012761794132312894
160,Eswatini,1235549.0,172.0,5201.0,5.201,57.1,54.7,59.6,4209.464780433637,14.027026773037505,8.556798446008598,8.345328319735772,Medium,Low,Developing,4.899999999999999,4.0396255308209724e-05
161,Djibouti,1066809.0,176.0,4613.0,4.613,67.1,65.2,69.1,4324.110501504955,13.880183445074334,8.4368504387337,8.372192968520512,Medium,Low,Developing,3.8999999999999915,4.121198644338076e-05
162,Cyprus,966400.0,105.0,39943.0,39.943,81.2,79.1,83.3,41331.746688741725,13.781334140930364,10.595233752180444,10.629410362804029,Medium,Medium,Developed,4.200000000000003,0.00041827636085066156
163,Comoros,919901.0,201.0,1613.0,1.613,64.6,63.0,66.3,1753.4495559848287,13.73202242161225,7.3864708488298945,7.469910443390127,Medium,Low,Developing,3.299999999999997,1.4744175754593818e-05
164,Fiji,900869.0,171.0,6336.0,6.336,67.4,65.5,69.4,7033.209045932316,13.711116242051773,8.754160749323518,8.858540531945788,Medium,Low,Emerging,3.9000000000000057,6.837835835153534e-05
165,Bhutan,784043.0,183.0,3408.0,3.408,71.8,71.0,72.7,4346.700372301009,13.572220420206719,8.134174272137903,8.377402334252283,Medium,Low,Developing,1.7000000000000028,4.082244890764574e-05
166,Guyana,772975.0,125.0,25064.0,25.064,69.9,67.1,72.8,32425.369513891135,13.558003279222104,10.129227729697604,10.38672724465019,Medium,Medium,Developed,5.700000000000003,0.00032430927841185114
167,Solomon Islands,750325.0,200.0,1904.0,1.904,73.0,71.3,74.8,2537.56705427648,13.52826305773897,7.552237287560802,7.839355048959392,Medium,Low,Developing,3.5,2.2502232237863674e-05
168,Macau,686600.0,97.0,52379.0,52.379,,,,76287.50364113021,13.43950861645675,10.866280118061702,11.242277532802655,Medium,Medium,Developed,,0.0007638573676007953
169,Luxembourg,681973.0,76.0,100642.0,100.642,82.7,80.3,85.0,147574.75735842914,13.432746812931738,11.519334880710968,11.902096932119635,Medium,High,Developed,4.700000000000003,0.001480190904852106
170,Montenegro,623327.0,162.0,9353.0,9.353,,,,15004.965291091194,13.342828143976323,9.143559338285831,9.616203087100946,Medium,Low,Emerging,,0.00014728046968113192
171,Suriname,616500.0,177.0,4496.0,4.496,71.7,68.6,75.0,7292.781832927818,13.331815223645236,8.411165786770708,8.894777460437039,Medium,Low,Emerging,6.400000000000006,6.996827152439667e-05
172,Western Sahara,600904.0,,,,,,,,13.306192131139456,,,Medium,,,,
173,Malta,574250.0,119.0,27745.0,27.745,82.7,80.7,84.6,48315.19373095342,13.260821861951657,10.230846964640671,10.785522057381701,Medium,Medium,Developed,3.8999999999999915,0.00047989832904761726
174,Maldives,515132.0,165.0,7676.0,7.676,79.9,78.7,81.3,14901.035074505175,13.15218039873164,8.945984124827898,9.609253064788609,Medium,Low,Emerging,2.5999999999999943,0.00014542439530099602
175,Cape Verde,491233.0,186.0,2915.0,2.915,73.0,69.8,76.4,5934.047590450968,13.10467587166064,7.977968093128549,8.688630325621723,Medium,Low,Emerging,6.6000000000000085,5.598094886796331e-05
176,Northern Cyprus,476214.0,,,,,,,,13.073624711908817,,,Medium,,,,
177,Brunei,455500.0,146.0,15565.0,15.565,75.9,74.5,77.5,34171.24039517014,13.029153191069422,9.652844327519334,10.43916890910484,Medium,Medium,Developed,3.0,0.000336456357320286
178,Belize,417634.0,185.0,3297.0,3.297,74.6,72.0,77.3,7894.472193355905,12.942363124299051,8.101071503119543,8.974044734066021,Medium,Low,Emerging,5.299999999999997,7.52028021623218e-05
179,Bahamas,398165.0,143.0,16393.0,16.393,73.9,71.4,76.5,41171.373676742056,12.894624282737762,9.704670693212975,10.62552276859725,Medium,Medium,Developed,5.099999999999994,0.00040482145839977195
180,Iceland,393160.0,107.0,38386.0,38.386,83.3,81.7,84.9,97634.55081900499,12.881974476171074,10.555474139590984,11.48899695627291,Medium,Medium,Developed,3.200000000000003,0.0009639926740908392
181,Transnistria,367776.0,,,,,,,,12.815232055211165,,,Small,,,,
182,Vanuatu,321409.0,206.0,1119.0,1.119,70.5,69.0,72.1,3481.5453207595306,12.680472845678311,7.02108396428914,8.155518719427008,Small,Low,Developing,3.0999999999999943,3.126834573222725e-05
183,French Polynesia,279500.0,,,,,,,,12.540761149388421,,,Small,,,,
184,Barbados,267800.0,166.0,7559.0,7.559,79.2,77.1,81.4,28226.288274831964,12.497999446362185,8.930626469173578,10.248044458356349,Small,Low,Developed,4.300000000000011,0.0002747068042303676
185,New Caledonia,264596.0,,,,,,,,12.485963192730237,,,Small,,,,
186,Abkhazia,244236.0,,,,,,,,12.405894344332996,,,Small,,,,
187,São Tomé and Príncipe,209607.0,209.0,976.0,0.976,,,,4656.333042312518,12.252994398639578,6.884486652042782,8.446198254772035,Small,Low,Developing,,4.259917008306632e-05
188,Samoa,205557.0,203.0,1248.0,1.248,73.3,71.0,75.7,6071.30868810111,12.233483511539472,7.130098510125578,8.711494155744576,Small,Low,Emerging,4.700000000000003,5.6471049425271535e-05
189,Saint Lucia,184100.0,187.0,2659.0,2.659,76.2,73.5,79.0,14443.237370994026,12.123239799036943,7.886081401775745,9.578050816144481,Small,Low,Emerging,5.5,0.00013844602849505473
190,Curaçao,156115.0,,,,,,,,11.958354599649384,,,Small,,,,
191,Guam,153836.0,,,,,,,,11.943648879292487,,,Small,,,,
192,Seychelles,122729.0,194.0,2230.0,2.23,73.4,69.0,78.3,18170.11464283095,11.717742099591554,7.7102051944325325,9.807588504738778,Small,Low,Emerging,9.299999999999997,0.00017440420398462186
193,Kiribati,120740.0,217.0,321.0,0.321,68.4,65.8,71.2,2658.6052675169785,11.70140303457552,5.7745515455444085,7.885932995093709,Small,Low,Developing,5.400000000000006,2.2877305017995146e-05
194,Saint Vincent and the Grenadines,110872.0,204.0,1238.0,1.238,,,,11166.029295042932,11.616140681117734,7.122059881629142,9.320720902800723,Small,Low,Emerging,,0.00010591788394037804
195,Aruba,109435.0,179.0,4319.0,4.319,,,,39466.349888061406,11.603095182480818,8.371010681238156,10.583229023967,Small,Low,Developed,,0.00038217146532788565
196,Grenada,109021.0,202.0,1458.0,1.458,74.9,72.2,77.7,13373.570229588795,11.599304975707751,7.285506548522785,9.501110438880758,Small,Low,Emerging,5.5,0.00012745652321750567
197,Micronesia,105564.0,213.0,495.0,0.495,68.0,66.5,69.6,4689.09855632602,11.567082155922183,6.206575926724928,8.45320887536154,Small,Low,Developing,3.0999999999999943,4.267419124420441e-05
198,Antigua and Barbuda,103603.0,192.0,2340.0,2.34,77.0,75.1,79.0,22586.218545795007,11.548331218100781,7.75833346749091,10.02513947420503,Small,Low,Developed,3.9000000000000057,0.00021732467594334543
199,Jersey,103267.0,,,,,,,,11.545082829769285,,,Small,,,,
200,Tonga,100179.0,212.0,587.0,0.587,70.9,69.3,72.6,5859.511474460715,11.514723846911608,6.376726947898627,8.675992161093358,Small,Low,Emerging,3.299999999999997,5.408128138912363e-05
201,Andorra,89058.0,178.0,4408.0,4.408,83.7,81.4,86.0,49495.83417548115,11.397054350427297,8.391403185357937,10.80966399046062,Small,Low,Developed,4.599999999999994,0.00047956758346054125
202,Cayman Islands,88833.0,,,,,,,,11.394524738582199,,,Small,,,,
203,U.S. Virgin Islands,87146.0,,,,,,,,11.37535162694775,,,Small,,,,
204,Isle of Man,84975.0,,,,,,,,11.35012414266218,,,Small,,,,
205,Dominica,71946.0,210.0,748.0,0.748,77.0,74.2,79.9,10396.686403691658,11.183685015824267,6.618738983517219,9.24933859919781,Small,Low,Emerging,5.700000000000003,9.820269571371856e-05
206,Guernsey,64781.0,,,,,,,,11.078783065975195,,,Small,,,,
207,Bermuda,64055.0,,,,,,,,11.06751297975247,,,Small,,,,
208,Greenland,56831.0,,,,,,,,10.947854826351842,,,Small,,,,
209,South Ossetia,56520.0,,,,,,,,10.942367529494035,,,Small,,,,
210,Faroe Islands,54870.0,,,,,,,,10.912740254782156,,,Small,,,,
211,Saint Kitts and Nevis,51320.0,205.0,1141.0,1.141,76.0,73.8,78.3,22233.047544816836,10.845855304120402,7.040536390215956,10.009380066174689,Small,Low,Developed,4.5,0.00021329084828605502
212,Turks and Caicos Islands,50828.0,,,,,,,,10.836222336826216,,,Small,,,,
213,American Samoa,49710.0,,,,,,,,10.813981515563105,,,Small,,,,
214,Northern Mariana Islands,47329.0,,,,,,,,10.764899622900293,,,Small,,,,
215,Marshall Islands,42418.0,218.0,302.0,0.302,,,,7119.619029657221,10.655351654054858,5.713732805509369,8.87074994299434,Small,Low,Emerging,,6.616851927400703e-05
216,Sint Maarten,41349.0,,,,,,,,10.629827700451838,,,Small,,,,
217,Liechtenstein,41024.0,160.0,9424.0,9.424,83.3,81.0,85.5,229719.1887675507,10.621936915958292,9.151121012316212,12.344617276706742,Small,Low,Developed,4.5,0.002231439162303742
218,British Virgin Islands,39471.0,,,,,,,,10.583346838769138,,,Small,,,,
219,Monaco,38423.0,,,,89.5,85.6,93.5,,10.55643754334466,,,Small,,,7.900000000000006,
220,Gibraltar,38196.0,,,,,,,,10.550512257479294,,,Small,,,,
221,San Marino,34168.0,193.0,2241.0,2.241,84.0,81.7,86.4,65587.68438304847,10.439074079243579,7.715123603632105,11.091158465892505,Small,Low,Developed,4.700000000000003,0.0006346682279660427
222,Saint Martin,31496.0,,,,,,,,10.35764758218305,,,Small,,,,
223,Palau,16733.0,216.0,341.0,0.341,73.4,70.3,76.8,20378.89200980099,9.725197856855544,5.834810737062605,9.922304007930537,Small,Low,Developed,6.5,0.00019488930782143299
224,Anguilla,16010.0,,,,,,,,9.681031265002055,,,Small,,,,
225,Cook Islands,15040.0,,,,,,,,9.618535084655214,,,Small,,,,
226,Nauru,11680.0,219.0,172.0,0.172,63.9,60.6,67.5,14726.027397260274,9.365718869155696,5.153291594497779,9.597439683066678,Small,Low,Emerging,6.899999999999999,0.0001399344138203536
227,Wallis and Futuna,11620.0,,,,,,,,9.360569085222874,,,Small,,,,
228,Tuvalu,10643.0,221.0,58.0,0.058,67.5,65.3,69.8,5449.591280653951,9.27275163209758,4.07753744390572,8.603479373635583,Small,Low,Emerging,4.5,4.983512415954865e-05
229,Saint Barthélemy,10562.0,,,,,,,,9.265112607823163,,,Small,,,,
230,Saint Pierre and Miquelon,5819.0,,,,,,,,8.669055540725484,,,Small,,,,
231,"Saint Helena, Ascension and Tristan da Cunha",5651.0,,,,,,,,8.639764743804419,,,Small,,,,
232,Montserrat,4386.0,,,,,,,,8.386400901166214,,,Small,,,,
233,Falkland Islands,3662.0,,,,,,,,8.206037762778815,,,Small,,,,
234,Tokelau,2608.0,,,,,,,,7.866722285136729,,,Small,,,,
235,Norfolk Island,2188.0,,,,,,,,7.691200097522863,,,Small,,,,
236,Christmas Island,1692.0,,,,,,,,7.4342573821331355,,,Small,,,,
237,Niue,1681.0,,,,,,,,7.427738840532894,,,Small,,,,
238,Vatican City,882.0,,,,80.0,78.0,82.0,,6.78332520060396,,,Small,,,4.0,
239,Cocos  Islands,593.0,,,,,,,,6.386879319362645,,,Small,,,,
240,Pitcairn Islands,35.0,,,,,,,,3.58351893845611,,,Small,,,,
